{"IcoMoonType":"selection","icons":[{"icon":{"paths":["M614.286 420.571c0 4.571-2.286 9.714-5.714 13.143l-266.286 266.286c-3.429 3.429-8.571 5.714-13.143 5.714s-9.714-2.286-13.143-5.714l-266.286-266.286c-3.429-3.429-5.714-8.571-5.714-13.143s2.286-9.714 5.714-13.143l28.571-28.571c3.429-3.429 8-5.714 13.143-5.714 4.571 0 9.714 2.286 13.143 5.714l224.571 224.571 224.571-224.571c3.429-3.429 8.571-5.714 13.143-5.714s9.714 2.286 13.143 5.714l28.571 28.571c3.429 3.429 5.714 8.571 5.714 13.143z"],"width":658.2857142857142,"attrs":[],"isMulticolor":false,"isMulticolor2":false,"tags":["angle-down"],"defaultCode":61703,"grid":14},"attrs":[],"properties":{"name":"angle-down","id":36,"order":54,"prevSize":28,"code":61703},"setIdx":0,"setId":2,"iconIdx":0},{"icon":{"paths":["M128 554v-84h604l-152-154 60-60 256 256-256 256-60-60 152-154h-604z"],"attrs":[],"isMulticolor":false,"isMulticolor2":false,"tags":["right-arrow"],"defaultCode":58135,"grid":14},"attrs":[],"properties":{"ligatures":"keyboard_backspace","id":34,"order":55,"prevSize":28,"code":58135,"name":"right-arrow"},"setIdx":0,"setId":2,"iconIdx":1},{"icon":{"paths":["M896 470v84h-604l152 154-60 60-256-256 256-256 60 60-152 154h604z"],"attrs":[],"isMulticolor":false,"isMulticolor2":false,"tags":["left-arrow"],"defaultCode":58135,"grid":14},"attrs":[],"properties":{"order":56,"id":35,"prevSize":28,"code":58136,"name":"left-arrow"},"setIdx":0,"setId":2,"iconIdx":2},{"icon":{"paths":["M358.286 786.286c0 4.571-2.286 9.714-5.714 13.143l-28.571 28.571c-3.429 3.429-8.571 5.714-13.143 5.714s-9.714-2.286-13.143-5.714l-266.286-266.286c-3.429-3.429-5.714-8.571-5.714-13.143s2.286-9.714 5.714-13.143l266.286-266.286c3.429-3.429 8.571-5.714 13.143-5.714s9.714 2.286 13.143 5.714l28.571 28.571c3.429 3.429 5.714 8.571 5.714 13.143s-2.286 9.714-5.714 13.143l-224.571 224.571 224.571 224.571c3.429 3.429 5.714 8.571 5.714 13.143zM577.714 786.286c0 4.571-2.286 9.714-5.714 13.143l-28.571 28.571c-3.429 3.429-8.571 5.714-13.143 5.714s-9.714-2.286-13.143-5.714l-266.286-266.286c-3.429-3.429-5.714-8.571-5.714-13.143s2.286-9.714 5.714-13.143l266.286-266.286c3.429-3.429 8.571-5.714 13.143-5.714s9.714 2.286 13.143 5.714l28.571 28.571c3.429 3.429 5.714 8.571 5.714 13.143s-2.286 9.714-5.714 13.143l-224.571 224.571 224.571 224.571c3.429 3.429 5.714 8.571 5.714 13.143z"],"width":603.4285714285714,"attrs":[],"isMulticolor":false,"isMulticolor2":false,"tags":["angle-double-left"],"defaultCode":61696,"grid":14},"attrs":[],"properties":{"name":"double-arrow-left","id":32,"order":57,"prevSize":28,"code":61696},"setIdx":0,"setId":2,"iconIdx":3},{"icon":{"paths":["M340 548.571c0 4.571-2.286 9.714-5.714 13.143l-266.286 266.286c-3.429 3.429-8.571 5.714-13.143 5.714s-9.714-2.286-13.143-5.714l-28.571-28.571c-3.429-3.429-5.714-8.571-5.714-13.143s2.286-9.714 5.714-13.143l224.571-224.571-224.571-224.571c-3.429-3.429-5.714-8.571-5.714-13.143s2.286-9.714 5.714-13.143l28.571-28.571c3.429-3.429 8.571-5.714 13.143-5.714s9.714 2.286 13.143 5.714l266.286 266.286c3.429 3.429 5.714 8.571 5.714 13.143zM559.429 548.571c0 4.571-2.286 9.714-5.714 13.143l-266.286 266.286c-3.429 3.429-8.571 5.714-13.143 5.714s-9.714-2.286-13.143-5.714l-28.571-28.571c-3.429-3.429-5.714-8.571-5.714-13.143s2.286-9.714 5.714-13.143l224.571-224.571-224.571-224.571c-3.429-3.429-5.714-8.571-5.714-13.143s2.286-9.714 5.714-13.143l28.571-28.571c3.429-3.429 8.571-5.714 13.143-5.714s9.714 2.286 13.143 5.714l266.286 266.286c3.429 3.429 5.714 8.571 5.714 13.143z"],"width":566.8571428571428,"attrs":[],"isMulticolor":false,"isMulticolor2":false,"tags":["angle-double-right"],"defaultCode":61697,"grid":14},"attrs":[],"properties":{"name":"double-arrow-right","id":33,"order":58,"prevSize":28,"code":61697},"setIdx":0,"setId":2,"iconIdx":4},{"icon":{"paths":["M1020.8 582.4h-438.4v435.2h-144v-435.2h-438.4v-144h435.2v-438.4h144v435.2h435.2v147.2zM1020.8 582.4z"],"attrs":[{}],"isMulticolor":false,"isMulticolor2":false,"tags":["plus"],"grid":14},"attrs":[{}],"properties":{"order":59,"id":0,"name":"plus","prevSize":28,"code":59664},"setIdx":0,"setId":2,"iconIdx":5},{"icon":{"paths":["M16 460.8h988.8v150.4h-988.8v-150.4z"],"attrs":[{}],"isMulticolor":false,"isMulticolor2":false,"tags":["minus"],"grid":14},"attrs":[{}],"properties":{"order":60,"id":1,"name":"minus","prevSize":28,"code":59665},"setIdx":0,"setId":2,"iconIdx":6},{"icon":{"paths":["M790.857 529.714l-758.857 421.714c-17.714 9.714-32 1.143-32-18.857v-841.143c0-20 14.286-28.571 32-18.857l758.857 421.714c17.714 9.714 17.714 25.714 0 35.429z"],"width":808.5942857142857,"attrs":[],"isMulticolor":false,"isMulticolor2":false,"tags":["play"],"defaultCode":61515,"grid":14},"attrs":[],"properties":{"name":"play","id":2,"order":61,"prevSize":28,"code":61515},"setIdx":0,"setId":2,"iconIdx":7},{"icon":{"paths":["M838.857 217.143c21.143 21.143 38.857 63.429 38.857 93.714v658.286c0 30.286-24.571 54.857-54.857 54.857h-768c-30.286 0-54.857-24.571-54.857-54.857v-914.286c0-30.286 24.571-54.857 54.857-54.857h512c30.286 0 72.571 17.714 93.714 38.857zM585.143 77.714v214.857h214.857c-3.429-9.714-8.571-19.429-12.571-23.429l-178.857-178.857c-4-4-13.714-9.143-23.429-12.571zM804.571 950.857v-585.143h-237.714c-30.286 0-54.857-24.571-54.857-54.857v-237.714h-438.857v877.714h731.429zM510.857 612c14.286 11.429 30.286 21.714 48 32 24-2.857 46.286-4 66.857-4 38.286 0 86.857 4.571 101.143 28 4 5.714 7.429 16 1.143 29.714-0.571 0.571-1.143 1.714-1.714 2.286v0.571c-1.714 10.286-10.286 21.714-40.571 21.714-36.571 0-92-16.571-140-41.714-79.429 8.571-162.857 26.286-224 47.429-58.857 100.571-104 149.714-138.286 149.714-5.714 0-10.857-1.143-16-4l-13.714-6.857c-1.714-0.571-2.286-1.714-3.429-2.857-2.857-2.857-5.143-9.143-3.429-20.571 5.714-26.286 36.571-70.286 107.429-107.429 4.571-2.857 10.286-1.143 13.143 3.429 0.571 0.571 1.143 1.714 1.143 2.286 17.714-29.143 38.286-66.286 61.143-112.571 25.714-51.429 45.714-101.714 59.429-149.714-18.286-62.286-24-126.286-13.714-164 4-14.286 12.571-22.857 24-22.857h12.571c8.571 0 15.429 2.857 20 8.571 6.857 8 8.571 20.571 5.143 38.857-0.571 1.714-1.143 3.429-2.286 4.571 0.571 1.714 0.571 2.857 0.571 4.571v17.143c-0.571 36-1.143 70.286-8 109.714 20 60 49.714 108.571 83.429 136zM181.714 846.857c17.143-8 41.714-32.571 78.286-90.286-42.857 33.143-69.714 70.857-78.286 90.286zM409.143 321.143c-5.714 16-5.714 43.429-1.143 75.429 1.714-9.143 2.857-17.714 4-25.143 1.143-9.714 2.857-17.714 4-24.571 0.571-1.714 1.143-2.857 2.286-4.571-0.571-0.571-0.571-1.714-1.143-2.857-0.571-10.286-4-16.571-7.429-20.571 0 1.143-0.571 1.714-0.571 2.286zM338.286 698.857c50.286-20 106.286-36 162.286-46.286-5.714-4.571-11.429-8.571-16.571-13.143-28-24.571-53.143-58.857-72.571-100.571-10.857 34.857-26.857 72-47.429 112.571-8.571 16-17.143 32-25.714 47.429zM707.429 689.714c-2.857-2.857-17.714-13.714-80-13.714 28 10.286 53.714 16 70.857 16 5.143 0 8 0 10.286-0.571 0-0.571-0.571-1.143-1.143-1.714z"],"width":877.7142857142857,"attrs":[],"isMulticolor":false,"isMulticolor2":false,"tags":["file-pdf-o"],"defaultCode":61889,"grid":14},"attrs":[],"properties":{"name":"pdf","id":3,"order":62,"prevSize":28,"code":61889},"setIdx":0,"setId":2,"iconIdx":8},{"icon":{"paths":["M219.429 877.714h512v-146.286h-512v146.286zM219.429 512h512v-219.429h-91.429c-30.286 0-54.857-24.571-54.857-54.857v-91.429h-365.714v365.714zM877.714 548.571c0-20-16.571-36.571-36.571-36.571s-36.571 16.571-36.571 36.571 16.571 36.571 36.571 36.571 36.571-16.571 36.571-36.571zM950.857 548.571v237.714c0 9.714-8.571 18.286-18.286 18.286h-128v91.429c0 30.286-24.571 54.857-54.857 54.857h-548.571c-30.286 0-54.857-24.571-54.857-54.857v-91.429h-128c-9.714 0-18.286-8.571-18.286-18.286v-237.714c0-60 49.714-109.714 109.714-109.714h36.571v-310.857c0-30.286 24.571-54.857 54.857-54.857h384c30.286 0 72 17.143 93.714 38.857l86.857 86.857c21.714 21.714 38.857 63.429 38.857 93.714v146.286h36.571c60 0 109.714 49.714 109.714 109.714z"],"width":950.8571428571428,"attrs":[],"isMulticolor":false,"isMulticolor2":false,"tags":["print"],"defaultCode":61487,